"Urban and Regional Planning, B.S. - Urban Design Subplan/Option: 120 units"
URP 1040
URP 1040L
URP 1051
URP 1200L
URP 2010
URP 2010L
URP 2020
URP 2020A
URP 3030
URP 3030L
URP 3050
URP 3050L
URP 3310
URP 3310L
URP 3320
URP 3320L
URP 3340
URP 3340L
URP 3350
URP 3350A
URP 3370
URP 3370L
URP 3380
URP 3510
URP 3510A
URP 4310A
URP 4320
URP 4320L
URP 4500A
URP 4600A
URP 4620
URP 4630
URP 4030
URP 4030L
URP 4040
URP 4510
URP 4510A
URP 4850
URP 4850L
URP 4110
URP 4120
URP 4220
URP 4330
URP 4380
URP 4780
URP 4780L
URP 4830
URP 4830A
URP 4840
URP 4840A
URP 4900
URP 4900L
URP 4980
URP 4980L
URP 4000
URP 4200
URP 4200A
URP 4210
URP 4210A
URP 4230
URP 4240
URP 4340
URP 4340A
URP 4350
URP 4360
URP 4370
URP 4390
URP 4410
URP 4660
URP 4750
URP 4760
URP 4820
URP 4870
URP 4880
URP 4880L
URP 4890
URP 4890L
URP 4910
URP 4910A
URP 4990
CPU 3003
