"History, B.A.: 120 units"
HST 1100
HST 1101
HST 1102
HST 2201
HST 2202
HST 3300
HST 3370
HST 4494
HST 4495
HST 4496
HST 4497
HST 4620
HST 3301
HST 3302
HST 3303
HST 3305
HST 3306
HST 3307
HST 3310
HST 3311
HST 3312
HST 3313
HST 3315
HST 3316
HST 3330
HST 3331
HST 3332
HST 3335
HST 3337
HST 3362
HST 3363
HST 3365
HST 3368
HST 3369
HST 4437
HST 4438
HST 4441
HST 3340
HST 3341
HST 3342
HST 3343
HST 3344
HST 3345
HST 3347
HST 3371
HST 3372
HST 3373
HST 3374
HST 4010
HST 4012
HST 4014
HST 4015
HST 4016
HST 4017
HST 4401
HST 4403
HST 4405
HST 4406
HST 4407
HST 4408
HST 3317
HST 3319
HST 3320
HST 3322
HST 3323
HST 3324
HST 3326
HST 3327
HST 3334
HST 3351
HST 3352
HST 3355
HST 3356
HST 4210
HST 4434
HST 4450
HST 4451
HST 3391
HST 3392
HST 3393S
HST 3399
HST 4011
HST 4200
HST 4230
HST 4452
HST 4431
HST 4433
HST 4435
HST 4990
CPU 3003
