"Biology, B.S.: 120 units"
BIO 1210
BIO 1210L
BIO 1220
BIO 1220L
BIO 2110L
BIO 2400
BIO 3220
BIO 3240
BIO 3250
CHM 1210
CHM 1210L
CHM 1220
CHM 1220L
CHM 2010
CHM 2010L
CHM 3140
CHM 3140L
CHM 3210
CHM 3270
ENG 1101
ENG 1103
ENG 2105
PHL 2020
MAT 1140
MAT 1200
PHY 1210
PHY 1210L
PHY 1220
PHY 1220L
STA 1300
BIO 3000
BIO 3010
BIO 3030
BIO 3040
BIO 3070
BIO 3090
BIO 3120
BIO 3130
BIO 2050
BIO 2050L
BIO 2060
BIO 2060L
BIO 2070
BIO 2070L
BIO 2050
BIO 2050L
BIO 3250L
BIO 4480
BIO 4480L
PLT 2310
PLT 2310L
BIO 2060
BIO 2060L
BIO 3500
BIO 3500L
BIO 4490
BIO 4490L
BIO 4520
BIO 4520L
BIO 4530
BIO 4530L
BIO 4540
BIO 4550
BIO 4550A
BIO 4550L
BIO 4560
BIO 4570
BIO 4570L
BIO 4580
BIO 4800
BIO 4800L
BIO 2060
BIO 2060L
BIO 4020
BIO 4020L
BIO 4030
BIO 4040
BIO 4060
BIO 4300
BIO 4320
BIO 4320L
BIO 4360
BIO 4360L
BIO 4380
BIO 4380L
BIO 4390
BIO 4430
BIO 4430L
BIO 4400
BIO 4400L
BIO 4450
BIO 4450L
BIO 4480
BIO 4480L
BIO 4540
BIO 4660
BIO 4660L
BIO 2060
BIO 2060L
** BIO
** BIO
BIO 4660
BIO 4660L
BIO 4680
BIO 4680L
BIO 3600
BIO 3620
BIO 3620L
BIO 3640
BIO 3640L
BIO 4060
BIO 4080
BIO 4640
** BIO
** BIO
BIO 4670
BIO 4670L
** BIO
** BIO
BIO 4190
BIO 4190L
BIO 4200
BIO 4200L
BIO 4450
BIO 4450L
BIO 4460
BIO 4460L
BIO 2020
BIO 2340
BIO 2340L
BIO 2350
BIO 2350L
BIO 4020
BIO 4020L
BIO 4100
BIO 4240
BIO 4360
BIO 4360L
BIO 4380
BIO 4380L
BIO 4400
BIO 4400L
BIO 4810
BIO 4810L
BIO 2370
BIO 2370L
BIO 2380
BIO 2380L
BIO 3250L
BIO 4450
BIO 4450L
BIO 4460
BIO 4460L
BIO 3500
BIO 3500L
BIO 4020
BIO 4020L
BIO 4100
BIO 4140
BIO 4180
BIO 4180L
BIO 4190
BIO 4190L
BIO 4200
BIO 4200L
BIO 4450
BIO 4450L
BIO 4460
BIO 4460L
BIO 4490
BIO 4490L
BIO 4550
BIO 4550A
BIO 4550L
BIO 4580
BIO 4800
BIO 4800L
BIO 4810
BIO 4810L
BIO 4820
BIO 4820L
BIO 4840
BIO 4840L
BIO 4850
BIO 4850L
