"Aerospace Engineering, B.S.: 127 units"
ARO 1011L
ARO 1021L
ARO 2011L
ARO 2021L
ARO 2041
ARO 2150
ARO 2311
ARO 2311L
ARO 3011
ARO 3090
ARO 3111
ARO 3120
ARO 4140
ARO 3180
ARO 3220
ARO 3220L
ARO 3261
ARO 3271
ARO 3570L
ARO 4011
ARO 4050
ARO 4090
ARO 4060
ARO 4351L
ARO 4711L
ARO 4811L
ARO 4911L
ARO 4721L
ARO 4821L
ARO 4921L
CHM 1150
EGR 4810
EGR 4820
EGR 4830
IME 4020
MAT 1140
MAT 1150
MAT 2140
MAT 2240
MTE 2070
PHY 1510
PHY 1510L
PHY 1520
PHY 1520L
ARO 3281
ARO 3191
ARO 4020
ARO 4070
ARO 4080
ARO 4090
ARO 4120
ARO 4140
ARO 4180
ARO 4200
ARO 4210
ARO 4220
ARO 4260
ARO 4270
ARO 4330
ARO 4360
ARO 4430
ARO 4450
ARO 4460
ARO 4510
ARO 3120
ARO 3191
ARO 3281
ARO 4020
ARO 4050
ARO 4070
ARO 4080
ARO 4120
ARO 4180
ARO 4200
ARO 4210
ARO 4220
ARO 4260
ARO 4270
ARO 4330
ARO 4360
ARO 4430
ARO 4450
ARO 4460
ARO 4510
