"Political Science, B.A.: 120 units"
PLS 1011
PLS 2010
PLS 2020
PLS 2030
PLS 2040
PLS 2051
PLS 2060
PLS 2080
PLS 2070
PLS 3055
PLS 3055A
PLS 4610
PLS 4620
PLS 4411
PLS 4412
PLS 3250
PLS 3260
PLS 3270
PLS 4205
PLS 4211
PLS 4231
PLS 4245
PLS 4250
PLS 4265
PLS 4811
PLS 4815
PLS 3150
PLS 3165
PLS 3175
PLS 4160
PLS 4170
PLS 4170A
PLS 3521
PLS 3541
PLS 3551
PLS 3561
PLS 4521
PLS 4531
PLS 4541
PLS 3420
PLS 3431
PLS 4430
PLS 4440
PLS 4450
PLS 4460
PLS 4470
PLS 4480
PLS 4490
PLS 3011
PLS 3021
PLS 3031
PLS 3041
PLS 4050
PLS 4090
PLS 3311
PLS 3321
PLS 3331
PLS 4341
PLS 4360
PLS 4381
CLS 4100
CLS 4410
CLS 4410A
PLS 3080
PLS 3080A
PLS 3821
PLS 4221
PLS 4221A
PLS 4421
PLS 4421A
PLS 4800
